2026-09-26T19:48:54Z	https://a.tile.opentopomap.org/13/1285/2926.png	200	51385	/home/zynergy-labs/Zynergy/forager-tile-sample/opentopomap/13/1285_2926.png
2026-09-26T19:48:57Z	https://a.tile.opentopomap.org/13/1286/2926.png	200	51193	/home/zynergy-labs/Zynergy/forager-tile-sample/opentopomap/13/1286_2926.png
2026-09-26T19:48:59Z	https://a.tile.opentopomap.org/13/1287/2926.png	200	48874	/home/zynergy-labs/Zynergy/forager-tile-sample/opentopomap/13/1287_2926.png
2026-09-26T19:49:01Z	https://a.tile.opentopomap.org/13/1285/2927.png	200	49100	/home/zynergy-labs/Zynergy/forager-tile-sample/opentopomap/13/1285_2927.png
2026-09-26T19:49:03Z	https://a.tile.opentopomap.org/13/1286/2927.png	200	49668	/home/zynergy-labs/Zynergy/forager-tile-sample/opentopomap/13/1286_2927.png
2026-09-26T19:49:05Z	https://a.tile.opentopomap.org/13/1287/2927.png	200	48604	/home/zynergy-labs/Zynergy/forager-tile-sample/opentopomap/13/1287_2927.png
2026-09-26T19:49:07Z	https://a.tile.opentopomap.org/13/1285/2928.png	200	51860	/home/zynergy-labs/Zynergy/forager-tile-sample/opentopomap/13/1285_2928.png
2026-09-26T19:49:09Z	https://a.tile.opentopomap.org/13/1286/2928.png	200	48789	/home/zynergy-labs/Zynergy/forager-tile-sample/opentopomap/13/1286_2928.png
2026-09-26T19:49:12Z	https://a.tile.opentopomap.org/13/1287/2928.png	200	50493	/home/zynergy-labs/Zynergy/forager-tile-sample/opentopomap/13/1287_2928.png
2026-09-26T19:49:14Z	https://a.tile.opentopomap.org/14/2572/5853.png	200	46384	/home/zynergy-labs/Zynergy/forager-tile-sample/opentopomap/14/2572_5853.png
2026-09-26T19:49:16Z	https://a.tile.opentopomap.org/14/2573/5853.png	200	40585	/home/zynergy-labs/Zynergy/forager-tile-sample/opentopomap/14/2573_5853.png
2026-09-26T19:49:18Z	https://a.tile.opentopomap.org/14/2574/5853.png	200	38948	/home/zynergy-labs/Zynergy/forager-tile-sample/opentopomap/14/2574_5853.png
2026-09-26T19:49:20Z	https://a.tile.opentopomap.org/14/2572/5854.png	200	41379	/home/zynergy-labs/Zynergy/forager-tile-sample/opentopomap/14/2572_5854.png
2026-09-26T19:49:22Z	https://a.tile.opentopomap.org/14/2573/5854.png	200	39777	/home/zynergy-labs/Zynergy/forager-tile-sample/opentopomap/14/2573_5854.png
2026-09-26T19:49:24Z	https://a.tile.opentopomap.org/14/2574/5854.png	200	40221	/home/zynergy-labs/Zynergy/forager-tile-sample/opentopomap/14/2574_5854.png
2026-09-26T19:49:26Z	https://a.tile.opentopomap.org/14/2572/5855.png	200	39867	/home/zynergy-labs/Zynergy/forager-tile-sample/opentopomap/14/2572_5855.png
2026-09-26T19:49:28Z	https://a.tile.opentopomap.org/14/2573/5855.png	200	37921	/home/zynergy-labs/Zynergy/forager-tile-sample/opentopomap/14/2573_5855.png
2026-09-26T19:49:30Z	https://a.tile.opentopomap.org/14/2574/5855.png	200	40661	/home/zynergy-labs/Zynergy/forager-tile-sample/opentopomap/14/2574_5855.png
2026-09-26T19:49:32Z	https://tile.openstreetmap.org/13/1285/2926.png	200	9624	/home/zynergy-labs/Zynergy/forager-tile-sample/osm/13/1285_2926.png
2026-09-26T19:49:33Z	https://tile.openstreetmap.org/13/1286/2926.png	200	13948	/home/zynergy-labs/Zynergy/forager-tile-sample/osm/13/1286_2926.png
2026-09-26T19:49:35Z	https://tile.openstreetmap.org/13/1287/2926.png	200	20891	/home/zynergy-labs/Zynergy/forager-tile-sample/osm/13/1287_2926.png
2026-09-26T19:49:36Z	https://tile.openstreetmap.org/13/1285/2927.png	200	14390	/home/zynergy-labs/Zynergy/forager-tile-sample/osm/13/1285_2927.png
2026-09-26T19:49:37Z	https://tile.openstreetmap.org/13/1286/2927.png	200	11922	/home/zynergy-labs/Zynergy/forager-tile-sample/osm/13/1286_2927.png
2026-09-26T19:49:38Z	https://tile.openstreetmap.org/13/1287/2927.png	200	16584	/home/zynergy-labs/Zynergy/forager-tile-sample/osm/13/1287_2927.png
2026-09-26T19:49:40Z	https://tile.openstreetmap.org/13/1285/2928.png	200	12715	/home/zynergy-labs/Zynergy/forager-tile-sample/osm/13/1285_2928.png
2026-09-26T19:49:41Z	https://tile.openstreetmap.org/13/1286/2928.png	200	14628	/home/zynergy-labs/Zynergy/forager-tile-sample/osm/13/1286_2928.png
2026-09-26T19:49:42Z	https://tile.openstreetmap.org/13/1287/2928.png	200	15149	/home/zynergy-labs/Zynergy/forager-tile-sample/osm/13/1287_2928.png
2026-09-26T19:49:44Z	https://tile.openstreetmap.org/14/2572/5853.png	200	8541	/home/zynergy-labs/Zynergy/forager-tile-sample/osm/14/2572_5853.png
2026-09-26T19:49:45Z	https://tile.openstreetmap.org/14/2573/5853.png	200	9362	/home/zynergy-labs/Zynergy/forager-tile-sample/osm/14/2573_5853.png
2026-09-26T19:49:46Z	https://tile.openstreetmap.org/14/2574/5853.png	200	14065	/home/zynergy-labs/Zynergy/forager-tile-sample/osm/14/2574_5853.png
2026-09-26T19:49:47Z	https://tile.openstreetmap.org/14/2572/5854.png	200	11361	/home/zynergy-labs/Zynergy/forager-tile-sample/osm/14/2572_5854.png
2026-09-26T19:49:49Z	https://tile.openstreetmap.org/14/2573/5854.png	200	8270	/home/zynergy-labs/Zynergy/forager-tile-sample/osm/14/2573_5854.png
2026-09-26T19:49:50Z	https://tile.openstreetmap.org/14/2574/5854.png	200	11855	/home/zynergy-labs/Zynergy/forager-tile-sample/osm/14/2574_5854.png
2026-09-26T19:49:51Z	https://tile.openstreetmap.org/14/2572/5855.png	200	8927	/home/zynergy-labs/Zynergy/forager-tile-sample/osm/14/2572_5855.png
2026-09-26T19:49:53Z	https://tile.openstreetmap.org/14/2573/5855.png	200	9355	/home/zynergy-labs/Zynergy/forager-tile-sample/osm/14/2573_5855.png
2026-09-26T19:49:54Z	https://tile.openstreetmap.org/14/2574/5855.png	200	13616	/home/zynergy-labs/Zynergy/forager-tile-sample/osm/14/2574_5855.png
