set,rank,hex,share,oklab_L,oklab_C,oklab_h,rel_luminance
opentopomap z13+z14,1,#cfe193,0.2162,0.878,0.103,119.1,0.692
opentopomap z13+z14,2,#e4f7af,0.1481,0.945,0.095,120.2,0.861
opentopomap z13+z14,3,#bbcd7c,0.1463,0.816,0.107,119.1,0.557
opentopomap z13+z14,4,#a8ba66,0.1135,0.756,0.111,119.1,0.444
opentopomap z13+z14,5,#96a34f,0.0966,0.687,0.110,116.7,0.332
opentopomap z13+z14,6,#e7d899,0.0497,0.880,0.083,96.4,0.684
opentopomap z13+z14,7,#7d8b35,0.0359,0.607,0.112,117.7,0.231
opentopomap z13+z14,8,#68751d,0.0209,0.534,0.111,117.7,0.158
opentopomap z13+z14,9,#f6f9c5,0.0148,0.967,0.067,110.3,0.914
opentopomap z13+z14,10,#fbfbfa,0.0113,0.988,0.001,106.4,0.964
opentopomap z13+z14,11,#f0e7b1,0.0108,0.922,0.070,99.7,0.789
opentopomap z13+z14,12,#cbb76b,0.0094,0.780,0.099,95.1,0.476
opentopomap z13+z14 non-green,1,#fbfbfa,0.0113,0.988,0.001,106.4,0.964
opentopomap z13+z14 non-green,2,#a78a41,0.0061,0.645,0.098,87.7,0.268
opentopomap z13+z14 non-green,3,#d2a65f,0.0056,0.751,0.103,78.1,0.418
opentopomap z13+z14 non-green,4,#e5e9e1,0.0053,0.929,0.011,128.6,0.804
opentopomap z13+z14 non-green,5,#d5d6cd,0.0048,0.873,0.012,111.8,0.666
opentopomap z13+z14 non-green,6,#be984a,0.0043,0.699,0.106,83.3,0.339
opentopomap z13+z14 non-green,7,#204ffd,0.0042,0.526,0.260,265.3,0.130
opentopomap z13+z14 non-green,8,#7395cb,0.0028,0.666,0.089,259.4,0.295
opentopomap z13+z14 non-green,9,#f29529,0.0026,0.750,0.158,63.6,0.405
opentopomap z13+z14 non-green,10,#afb2af,0.0025,0.760,0.005,145.5,0.440
opentopomap z13+z14 non-green,11,#70726e,0.0025,0.549,0.007,128.6,0.166
opentopomap z13+z14 non-green,12,#5f654e,0.0024,0.495,0.036,119.6,0.123
opentopomap z13,1,#d0e193,0.1594,0.879,0.102,118.6,0.694
opentopomap z13,2,#e9f8b5,0.1537,0.952,0.088,118.3,0.878
opentopomap z13,3,#b0bc6b,0.1159,0.768,0.106,115.9,0.463
opentopomap z13,4,#becf7e,0.0936,0.823,0.107,118.5,0.571
opentopomap z13,5,#e9d89b,0.0880,0.882,0.081,94.4,0.688
opentopomap z13,6,#8b9943,0.0800,0.653,0.112,117.3,0.287
opentopomap z13,7,#9fab58,0.0536,0.713,0.109,116.0,0.372
opentopomap z13,8,#68751c,0.0414,0.534,0.111,117.7,0.157
opentopomap z13,9,#76872e,0.0358,0.591,0.115,119.3,0.214
opentopomap z13,10,#f0e7b1,0.0234,0.922,0.070,99.7,0.789
opentopomap z13,11,#dec683,0.0165,0.832,0.090,90.5,0.576
opentopomap z13,12,#fcfcfa,0.0124,0.991,0.003,106.4,0.972
opentopomap z13 non-green,1,#fcfcfa,0.0124,0.991,0.003,106.4,0.972
opentopomap z13 non-green,2,#d3a861,0.0117,0.756,0.103,78.8,0.427
opentopomap z13 non-green,3,#e6e8e0,0.0049,0.927,0.011,118.0,0.799
opentopomap z13 non-green,4,#d0d2cb,0.0044,0.860,0.010,119.6,0.638
opentopomap z13 non-green,5,#636652,0.0042,0.502,0.031,114.4,0.128
opentopomap z13 non-green,6,#70726b,0.0041,0.548,0.011,119.8,0.165
opentopomap z13 non-green,7,#204ffc,0.0040,0.525,0.259,265.3,0.129
opentopomap z13 non-green,8,#b59a53,0.0037,0.695,0.096,89.0,0.336
opentopomap z13 non-green,9,#7596cc,0.0036,0.670,0.089,260.0,0.300
opentopomap z13 non-green,10,#8f918f,0.0034,0.654,0.004,145.5,0.281
opentopomap z13 non-green,11,#b0b2af,0.0032,0.761,0.005,134.9,0.442
opentopomap z13 non-green,12,#beceaf,0.0030,0.831,0.046,129.7,0.582
opentopomap z14,1,#c8db8b,0.2857,0.859,0.105,119.6,0.648
opentopomap z14,2,#b1c471,0.1630,0.787,0.110,119.5,0.500
opentopomap z14,3,#e2f8ae,0.1621,0.946,0.098,121.7,0.864
opentopomap z14,4,#9eb15c,0.0975,0.727,0.113,119.7,0.395
opentopomap z14,5,#d7eb9f,0.0769,0.907,0.100,120.4,0.764
opentopomap z14,6,#97a150,0.0540,0.683,0.106,115.1,0.326
opentopomap z14,7,#8d9545,0.0241,0.646,0.105,114.1,0.276
opentopomap z14,8,#cab467,0.0119,0.772,0.101,93.9,0.462
opentopomap z14,9,#8b7d35,0.0114,0.587,0.094,98.4,0.204
opentopomap z14,10,#fafbf9,0.0103,0.987,0.003,128.5,0.962
opentopomap z14,11,#d8dbd2,0.0071,0.887,0.013,121.7,0.699
opentopomap z14,12,#ded892,0.0063,0.871,0.090,103.9,0.667
opentopomap z14 non-green,1,#fafbf9,0.0103,0.987,0.003,128.5,0.962
opentopomap z14 non-green,2,#d8dbd2,0.0071,0.887,0.013,121.7,0.699
opentopomap z14 non-green,3,#a18740,0.0058,0.633,0.096,89.3,0.253
opentopomap z14 non-green,4,#c19445,0.0047,0.694,0.110,79.2,0.329
opentopomap z14 non-green,5,#204efe,0.0045,0.526,0.262,265.4,0.129
opentopomap z14 non-green,6,#e9ece5,0.0036,0.939,0.010,125.7,0.830
opentopomap z14 non-green,7,#f49629,0.0033,0.754,0.159,63.5,0.412
opentopomap z14 non-green,8,#846926,0.0030,0.534,0.091,86.6,0.151
opentopomap z14 non-green,9,#24261d,0.0029,0.263,0.016,117.7,0.019
opentopomap z14 non-green,10,#7498ca,0.0028,0.672,0.085,256.7,0.304
opentopomap z14 non-green,11,#c4c9bf,0.0020,0.829,0.015,128.7,0.573
opentopomap z14 non-green,12,#abb3af,0.0020,0.759,0.011,164.8,0.440
osm z13+z14,1,#add19e,0.8702,0.821,0.080,136.6,0.570
osm z13+z14,2,#99ba86,0.0350,0.751,0.081,134.4,0.436
osm z13+z14,3,#aed4dd,0.0234,0.845,0.042,213.7,0.613
osm z13+z14,4,#dce2dc,0.0136,0.907,0.010,145.5,0.748
osm z13+z14,5,#c6d9b3,0.0134,0.861,0.055,129.2,0.649
osm z13+z14,6,#fcfcfb,0.0080,0.991,0.001,106.4,0.973
osm z13+z14,7,#c6dcd3,0.0058,0.876,0.026,169.2,0.679
osm z13+z14,8,#c2cabd,0.0047,0.829,0.020,133.1,0.574
osm z13+z14,9,#a6a55d,0.0045,0.707,0.094,107.9,0.358
osm z13+z14,10,#fad5a3,0.0042,0.893,0.077,74.9,0.706
osm z13+z14,11,#9bc487,0.0024,0.775,0.095,135.7,0.482
osm z13+z14,12,#acc2a5,0.0021,0.789,0.047,138.1,0.501
osm z13+z14 non-green,1,#aed4dd,0.0234,0.845,0.042,213.7,0.613
osm z13+z14 non-green,2,#dce2dc,0.0136,0.907,0.010,145.5,0.748
osm z13+z14 non-green,3,#fcfcfb,0.0080,0.991,0.001,106.4,0.973
osm z13+z14 non-green,4,#c6dcd3,0.0058,0.876,0.026,169.2,0.679
osm z13+z14 non-green,5,#c2cabd,0.0047,0.829,0.020,133.1,0.574
osm z13+z14 non-green,6,#fad5a3,0.0042,0.893,0.077,74.9,0.706
osm z13+z14 non-green,7,#acc2a5,0.0021,0.789,0.047,138.1,0.501
osm z13+z14 non-green,8,#9faf9c,0.0012,0.736,0.032,140.7,0.404
osm z13+z14 non-green,9,#d0b890,0.0010,0.793,0.060,80.3,0.497
osm z13+z14 non-green,10,#a1baa4,0.0010,0.764,0.041,148.6,0.454
osm z13+z14 non-green,11,#f1f0ec,0.0008,0.955,0.005,95.1,0.871
osm z13+z14 non-green,12,#c49d4f,0.0008,0.716,0.107,82.9,0.364
osm z13,1,#add19e,0.8594,0.821,0.080,136.6,0.570
osm z13,2,#99ba85,0.0353,0.751,0.082,134.0,0.436
osm z13,3,#b0d5dd,0.0240,0.849,0.041,212.3,0.620
osm z13,4,#cbddd4,0.0150,0.881,0.023,164.4,0.692
osm z13,5,#c5dab6,0.0139,0.863,0.054,132.2,0.654
osm z13,6,#fbfbfb,0.0102,0.988,0.000,89.9,0.965
osm z13,7,#e7e7e0,0.0071,0.926,0.009,106.6,0.795
osm z13,8,#bec9b9,0.0069,0.823,0.025,135.7,0.562
osm z13,9,#a6a55d,0.0062,0.707,0.094,107.9,0.358
osm z13,10,#fad5a3,0.0042,0.893,0.077,74.9,0.706
osm z13,11,#9ac487,0.0034,0.775,0.095,136.2,0.481
osm z13,12,#9dbdaa,0.0018,0.769,0.044,159.1,0.465
osm z13 non-green,1,#b0d5dd,0.0240,0.849,0.041,212.3,0.620
osm z13 non-green,2,#cbddd4,0.0150,0.881,0.023,164.4,0.692
osm z13 non-green,3,#fbfbfb,0.0102,0.988,0.000,89.9,0.965
osm z13 non-green,4,#e7e7e0,0.0071,0.926,0.009,106.6,0.795
osm z13 non-green,5,#bec9b9,0.0069,0.823,0.025,135.7,0.562
osm z13 non-green,6,#fad5a3,0.0042,0.893,0.077,74.9,0.706
osm z13 non-green,7,#9dbdaa,0.0018,0.769,0.044,159.1,0.465
osm z13 non-green,8,#a3ac9c,0.0009,0.733,0.025,131.2,0.397
osm z13 non-green,9,#927b5b,0.0008,0.596,0.054,75.6,0.210
osm z13 non-green,10,#d7b98d,0.0006,0.801,0.068,77.0,0.511
osm z13 non-green,11,#eac38a,0.0005,0.838,0.086,76.6,0.584
osm z13 non-green,12,#a19a8b,0.0005,0.688,0.023,86.0,0.326
osm z14,1,#add19e,0.8810,0.821,0.080,136.6,0.570
osm z14,2,#99ba88,0.0347,0.751,0.078,135.2,0.437
osm z14,3,#acd4dd,0.0229,0.844,0.044,212.9,0.611
osm z14,4,#dbe2dd,0.0138,0.906,0.010,155.1,0.747
osm z14,5,#c7d8b0,0.0128,0.859,0.057,126.3,0.644
osm z14,6,#fcfcfb,0.0062,0.991,0.001,106.4,0.973
osm z14,7,#c6cbc1,0.0044,0.835,0.015,128.7,0.586
osm z14,8,#fad5a3,0.0043,0.893,0.077,74.9,0.706
osm z14,9,#acc0a1,0.0029,0.784,0.048,134.4,0.490
osm z14,10,#a6a55d,0.0028,0.707,0.094,107.9,0.358
osm z14,11,#c4dfd7,0.0023,0.882,0.031,175.8,0.694
osm z14,12,#9cb09c,0.0015,0.736,0.036,145.2,0.405
osm z14 non-green,1,#acd4dd,0.0229,0.844,0.044,212.9,0.611
osm z14 non-green,2,#dbe2dd,0.0138,0.906,0.010,155.1,0.747
osm z14 non-green,3,#fcfcfb,0.0062,0.991,0.001,106.4,0.973
osm z14 non-green,4,#c6cbc1,0.0044,0.835,0.015,128.7,0.586
osm z14 non-green,5,#fad5a3,0.0043,0.893,0.077,74.9,0.706
osm z14 non-green,6,#acc0a1,0.0029,0.784,0.048,134.4,0.490
osm z14 non-green,7,#c4dfd7,0.0023,0.882,0.031,175.8,0.694
osm z14 non-green,8,#9cb09c,0.0015,0.736,0.036,145.2,0.405
osm z14 non-green,9,#d1b68e,0.0011,0.790,0.062,77.4,0.490
osm z14 non-green,10,#c19a4a,0.0006,0.706,0.109,83.2,0.349
osm z14 non-green,11,#d6ad66,0.0006,0.770,0.101,80.1,0.451
osm z14 non-green,12,#a0baa5,0.0006,0.763,0.041,150.9,0.453
